s_vals,cl1,cl2,cl3
1,0.5,0.4296875,0.390625
