s_vals,cl1,cl2,cl3
1,0.5,0.4114583333333333,0.996875
2,0.4296875,0.37890625,0.9973958333333334
